file,best,score,time,n_pop,n_max,cre_p,dupl_p,mut_p,cross_p,run
p2_15_20-3.txt,GAATAAC,140,0.4756202,150,150,0.25,0.25,0.0,0.5,1
p2_15_20-3.txt,GTAAGTAC,141,0.1901323,150,150,0.25,0.25,0.0,0.5,2
p2_15_20-3.txt,GTAATA,141,0.1884859,150,150,0.25,0.25,0.0,0.5,3
p2_15_20-3.txt,GTAATA,141,0.2066419,150,150,0.25,0.25,0.0,0.5,4
p2_15_20-3.txt,GTAAGTA,140,0.1919887,150,150,0.25,0.25,0.0,0.5,5
p2_15_20-3.txt,GAATA,142,0.2010576,150,150,0.25,0.25,0.0,0.45,1
p2_15_20-3.txt,GAATA,142,0.2052072,150,150,0.25,0.25,0.0,0.45,2
p2_15_20-3.txt,GTAAGTAC,141,0.1945741,150,150,0.25,0.25,0.0,0.45,3
p2_15_20-3.txt,GTAAGTA,140,0.1924699,150,150,0.25,0.25,0.0,0.45,4
p2_15_20-3.txt,GAATAC,141,0.2043806,150,150,0.25,0.25,0.0,0.45,5
p2_15_20-3.txt,GAATA,142,0.1955013,150,150,0.25,0.25,0.0,0.4,1
p2_15_20-3.txt,GAATAC,141,0.2020246,150,150,0.25,0.25,0.0,0.4,2
p2_15_20-3.txt,GAATAA,141,0.1957037,150,150,0.25,0.25,0.0,0.4,3
p2_15_20-3.txt,GTAATGA,142,0.1964607,150,150,0.25,0.25,0.0,0.4,4
p2_15_20-3.txt,GAATA,142,0.2043697,150,150,0.25,0.25,0.0,0.4,5
p2_15_20-3.txt,GAATAA,141,0.1972782,150,150,0.25,0.25,0.0,0.35,1
p2_15_20-3.txt,GAATAAC,140,0.197669,150,150,0.25,0.25,0.0,0.35,2
p2_15_20-3.txt,GAATAAGC,139,0.2037868,150,150,0.25,0.25,0.0,0.35,3
p2_15_20-3.txt,GTAAGTA,140,0.193914,150,150,0.25,0.25,0.0,0.35,4
p2_15_20-3.txt,GAATAA,141,0.2028698,150,150,0.25,0.25,0.0,0.35,5
p2_15_20-3.txt,GAATGAC,140,0.1950329,150,150,0.25,0.25,0.0,0.3,1
p2_15_20-3.txt,GATACT,143,0.1972687,150,150,0.25,0.25,0.0,0.3,2
p2_15_20-3.txt,GAATAA,141,0.2032366,150,150,0.25,0.25,0.0,0.3,3
p2_15_20-3.txt,GAATAC,141,0.1970637,150,150,0.25,0.25,0.0,0.3,4
p2_15_20-3.txt,GAATA,142,0.1984972,150,150,0.25,0.25,0.0,0.3,5
p2_15_20-3.txt,GAATAAG,140,0.2066047,150,150,0.25,0.25,0.0,0.25,1
p2_15_20-3.txt,GAATAAG,140,0.1977862,150,150,0.25,0.25,0.0,0.25,2
p2_15_20-3.txt,GTAATAC,142,0.2081836,150,150,0.25,0.25,0.0,0.25,3
p2_15_20-3.txt,GTAATA,141,0.1963242,150,150,0.25,0.25,0.0,0.25,4
p2_15_20-3.txt,GAATAAC,140,0.1994978,150,150,0.25,0.25,0.0,0.25,5
p2_15_20-3.txt,GAATAAC,140,0.2069793,150,150,0.25,0.25,0.0,0.2,1
p2_15_20-3.txt,GAATA,142,0.1983234,150,150,0.25,0.25,0.0,0.2,2
p2_15_20-3.txt,GAATGA,143,0.208393,150,150,0.25,0.25,0.0,0.2,3
p2_15_20-3.txt,GAATAAG,140,0.1992969,150,150,0.25,0.25,0.0,0.2,4
p2_15_20-3.txt,GAATAC,141,0.1989155,150,150,0.25,0.25,0.0,0.2,5
p2_15_20-3.txt,GAATAAC,140,0.2132403,150,150,0.25,0.25,0.0,0.15,1
p2_15_20-3.txt,GTAATA,141,0.202403,150,150,0.25,0.25,0.0,0.15,2
p2_15_20-3.txt,GTAAGTA,140,0.2111156,150,150,0.25,0.25,0.0,0.15,3
p2_15_20-3.txt,GAATAC,141,0.2010361,150,150,0.25,0.25,0.0,0.15,4
p2_15_20-3.txt,GAATAACG,141,0.2116146,150,150,0.25,0.25,0.0,0.15,5
p2_15_20-3.txt,GAATAC,141,0.2039319,150,150,0.25,0.25,0.0,0.1,1
p2_15_20-3.txt,GTAATAGC,141,0.206268,150,150,0.25,0.25,0.0,0.1,2
p2_15_20-3.txt,GAATA,142,0.2156771,150,150,0.25,0.25,0.0,0.1,3
p2_15_20-3.txt,GAATAAG,140,0.2046098,150,150,0.25,0.25,0.0,0.1,4
p2_15_20-3.txt,GAATA,142,0.2157036,150,150,0.25,0.25,0.0,0.1,5
p2_15_20-3.txt,GAATAC,141,0.2076793,150,150,0.25,0.25,0.0,0.05,1
p2_15_20-3.txt,GAATA,142,0.2186736,150,150,0.25,0.25,0.0,0.05,2
p2_15_20-3.txt,CGAATAC,142,0.2105025,150,150,0.25,0.25,0.0,0.05,3
p2_15_20-3.txt,GTAATA,141,0.2120664,150,150,0.25,0.25,0.0,0.05,4
p2_15_20-3.txt,CTAATA,143,0.2172722,150,150,0.25,0.25,0.0,0.05,5
p2_15_20-3.txt,GAATA,142,0.2136463,150,150,0.25,0.25,0.0,0.0,1
p2_15_20-3.txt,CGAATAC,142,0.2230858,150,150,0.25,0.25,0.0,0.0,2
p2_15_20-3.txt,GAATAA,141,0.2157531,150,150,0.25,0.25,0.0,0.0,3
p2_15_20-3.txt,GTAATAG,142,0.220794,150,150,0.25,0.25,0.0,0.0,4
p2_15_20-3.txt,GTAATGA,142,0.2117113,150,150,0.25,0.25,0.0,0.0,5
p2_15_20-3.txt,GTAATGAC,141,0.1980839,150,150,0.25,0.25,0.05,0.5,1
p2_15_20-3.txt,GTAATA,141,0.1900046,150,150,0.25,0.25,0.05,0.5,2
p2_15_20-3.txt,GTAAGTA,140,0.1927401,150,150,0.25,0.25,0.05,0.5,3
p2_15_20-3.txt,GAATAACG,141,0.2037307,150,150,0.25,0.25,0.05,0.5,4
p2_15_20-3.txt,GAATGACC,143,0.1901439,150,150,0.25,0.25,0.05,0.5,5
p2_15_20-3.txt,GAATAAC,140,0.1921437,150,150,0.25,0.25,0.05,0.45,1
p2_15_20-3.txt,GAATAAG,140,0.22895,150,150,0.25,0.25,0.05,0.45,2
p2_15_20-3.txt,GAATAAGC,139,0.1947746,150,150,0.25,0.25,0.05,0.45,3
p2_15_20-3.txt,GATAATA,142,0.1935868,150,150,0.25,0.25,0.05,0.45,4
p2_15_20-3.txt,GCTAATA,142,0.201992,150,150,0.25,0.25,0.05,0.45,5
p2_15_20-3.txt,GAATAC,141,0.1932356,150,150,0.25,0.25,0.05,0.4,1
p2_15_20-3.txt,GAATAA,141,0.1970002,150,150,0.25,0.25,0.05,0.4,2
p2_15_20-3.txt,GAATAA,141,0.2028861,150,150,0.25,0.25,0.05,0.4,3
p2_15_20-3.txt,GAATAAC,140,0.1935319,150,150,0.25,0.25,0.05,0.4,4
p2_15_20-3.txt,GTAATAG,142,0.2008187,150,150,0.25,0.25,0.05,0.4,5
p2_15_20-3.txt,CGCTAATA,141,0.1913262,150,150,0.25,0.25,0.05,0.35,1
p2_15_20-3.txt,GAATAC,141,0.1955821,150,150,0.25,0.25,0.05,0.35,2
p2_15_20-3.txt,GTAATA,141,0.2011302,150,150,0.25,0.25,0.05,0.35,3
p2_15_20-3.txt,GAATAA,141,0.1925974,150,150,0.25,0.25,0.05,0.35,4
p2_15_20-3.txt,GAATAA,141,0.1975577,150,150,0.25,0.25,0.05,0.35,5
p2_15_20-3.txt,CGAATGAC,141,0.2043766,150,150,0.25,0.25,0.05,0.3,1
p2_15_20-3.txt,GTAATAA,142,0.1927271,150,150,0.25,0.25,0.05,0.3,2
p2_15_20-3.txt,CGAATAAGC,140,0.2032322,150,150,0.25,0.25,0.05,0.3,3
p2_15_20-3.txt,GAATAC,141,0.1970068,150,150,0.25,0.25,0.05,0.3,4
p2_15_20-3.txt,GAATA,142,0.1932038,150,150,0.25,0.25,0.05,0.3,5
p2_15_20-3.txt,GTAATA,141,0.2057582,150,150,0.25,0.25,0.05,0.25,1
p2_15_20-3.txt,GAATAC,141,0.1969024,150,150,0.25,0.25,0.05,0.25,2
p2_15_20-3.txt,GAATAA,141,0.1979512,150,150,0.25,0.25,0.05,0.25,3
p2_15_20-3.txt,GAATAAC,140,0.2041772,150,150,0.25,0.25,0.05,0.25,4
p2_15_20-3.txt,GAATGACT,141,0.1955798,150,150,0.25,0.25,0.05,0.25,5
p2_15_20-3.txt,GAATAC,141,0.2030565,150,150,0.25,0.25,0.05,0.2,1
p2_15_20-3.txt,GAATAAG,140,0.1975364,150,150,0.25,0.25,0.05,0.2,2
p2_15_20-3.txt,GTAATA,141,0.1983125,150,150,0.25,0.25,0.05,0.2,3
p2_15_20-3.txt,GAATAC,141,0.2062299,150,150,0.25,0.25,0.05,0.2,4
p2_15_20-3.txt,GAATAC,141,0.1991814,150,150,0.25,0.25,0.05,0.2,5
p2_15_20-3.txt,GTAAGTA,140,0.2101764,150,150,0.25,0.25,0.05,0.15,1
p2_15_20-3.txt,GAATAAG,140,0.1996923,150,150,0.25,0.25,0.05,0.15,2
p2_15_20-3.txt,GAATGAC,140,0.1997247,150,150,0.25,0.25,0.05,0.15,3
p2_15_20-3.txt,GAATA,142,0.2085279,150,150,0.25,0.25,0.05,0.15,4
p2_15_20-3.txt,GTAATAG,142,0.2013763,150,150,0.25,0.25,0.05,0.15,5
p2_15_20-3.txt,GTAATA,141,0.212335,150,150,0.25,0.25,0.05,0.1,1
p2_15_20-3.txt,GAATAAG,140,0.2026746,150,150,0.25,0.25,0.05,0.1,2
p2_15_20-3.txt,GAATA,142,0.2010029,150,150,0.25,0.25,0.05,0.1,3
p2_15_20-3.txt,GAATGAC,140,0.2087673,150,150,0.25,0.25,0.05,0.1,4
p2_15_20-3.txt,GTAAGTA,140,0.2047095,150,150,0.25,0.25,0.05,0.1,5
p2_15_20-3.txt,GAATA,142,0.2141749,150,150,0.25,0.25,0.05,0.05,1
p2_15_20-3.txt,GTAATA,141,0.205584,150,150,0.25,0.25,0.05,0.05,2
p2_15_20-3.txt,GAATAAC,140,0.2053671,150,150,0.25,0.25,0.05,0.05,3
p2_15_20-3.txt,GTAATA,141,0.2151734,150,150,0.25,0.25,0.05,0.05,4
p2_15_20-3.txt,GAATAAG,140,0.203541,150,150,0.25,0.25,0.05,0.05,5
p2_15_20-3.txt,GATAATA,142,0.2152137,150,150,0.25,0.25,0.05,0.0,1
p2_15_20-3.txt,GAATAA,141,0.2059925,150,150,0.25,0.25,0.05,0.0,2
p2_15_20-3.txt,GAATAC,141,0.2169823,150,150,0.25,0.25,0.05,0.0,3
p2_15_20-3.txt,GAATA,142,0.2057911,150,150,0.25,0.25,0.05,0.0,4
p2_15_20-3.txt,GAATGAC,140,0.2087581,150,150,0.25,0.25,0.05,0.0,5
p2_15_20-3.txt,GAATGAC,140,0.1995286,150,150,0.25,0.25,0.1,0.5,1
p2_15_20-3.txt,GAATAA,141,0.19006,150,150,0.25,0.25,0.1,0.5,2
p2_15_20-3.txt,GAATGAC,140,0.1988039,150,150,0.25,0.25,0.1,0.5,3
p2_15_20-3.txt,GTAAGTA,140,0.1902818,150,150,0.25,0.25,0.1,0.5,4
p2_15_20-3.txt,GTAATA,141,0.1900675,150,150,0.25,0.25,0.1,0.5,5
p2_15_20-3.txt,GAATAAG,140,0.1980378,150,150,0.25,0.25,0.1,0.45,1
p2_15_20-3.txt,GAATAC,141,0.1938198,150,150,0.25,0.25,0.1,0.45,2
p2_15_20-3.txt,GAATAA,141,0.1928164,150,150,0.25,0.25,0.1,0.45,3
p2_15_20-3.txt,GTAATAA,142,0.2004389,150,150,0.25,0.25,0.1,0.45,4
p2_15_20-3.txt,GAATA,142,0.1928451,150,150,0.25,0.25,0.1,0.45,5
p2_15_20-3.txt,GAATGAC,140,0.1953475,150,150,0.25,0.25,0.1,0.4,1
p2_15_20-3.txt,GAATGAC,140,0.2031937,150,150,0.25,0.25,0.1,0.4,2
p2_15_20-3.txt,GAATGAC,140,0.1909863,150,150,0.25,0.25,0.1,0.4,3
p2_15_20-3.txt,GAATAC,141,0.1937902,150,150,0.25,0.25,0.1,0.4,4
p2_15_20-3.txt,GAATAC,141,0.2018989,150,150,0.25,0.25,0.1,0.4,5
p2_15_20-3.txt,GAATAC,141,0.1901016,150,150,0.25,0.25,0.1,0.35,1
p2_15_20-3.txt,GAATAAC,140,0.1958965,150,150,0.25,0.25,0.1,0.35,2
p2_15_20-3.txt,GAATA,142,0.1993054,150,150,0.25,0.25,0.1,0.35,3
p2_15_20-3.txt,GAATGAC,140,0.1925312,150,150,0.25,0.25,0.1,0.35,4
p2_15_20-3.txt,GTAAGTA,140,0.2027601,150,150,0.25,0.25,0.1,0.35,5
p2_15_20-3.txt,GAATAC,141,0.1958251,150,150,0.25,0.25,0.1,0.3,1
p2_15_20-3.txt,GAATAC,141,0.1942919,150,150,0.25,0.25,0.1,0.3,2
p2_15_20-3.txt,GAATAGC,142,0.2021984,150,150,0.25,0.25,0.1,0.3,3
p2_15_20-3.txt,CGAATAAC,141,0.1988761,150,150,0.25,0.25,0.1,0.3,4
p2_15_20-3.txt,GAATGAC,140,0.2032264,150,150,0.25,0.25,0.1,0.3,5
p2_15_20-3.txt,GTAATAGC,141,0.2122382,150,150,0.25,0.25,0.1,0.25,1
p2_15_20-3.txt,GAATAAC,140,0.2044438,150,150,0.25,0.25,0.1,0.25,2
p2_15_20-3.txt,GAATA,142,0.2093214,150,150,0.25,0.25,0.1,0.25,3
p2_15_20-3.txt,GTAATA,141,0.1991011,150,150,0.25,0.25,0.1,0.25,4
p2_15_20-3.txt,GTAATAGC,141,0.1958199,150,150,0.25,0.25,0.1,0.25,5
p2_15_20-3.txt,GAATAA,141,0.2077557,150,150,0.25,0.25,0.1,0.2,1
p2_15_20-3.txt,GAATAC,141,0.1960634,150,150,0.25,0.25,0.1,0.2,2
p2_15_20-3.txt,GAATAA,141,0.2000015,150,150,0.25,0.25,0.1,0.2,3
p2_15_20-3.txt,GATACT,143,0.20585,150,150,0.25,0.25,0.1,0.2,4
p2_15_20-3.txt,GTAAGTAC,141,0.1985971,150,150,0.25,0.25,0.1,0.2,5
p2_15_20-3.txt,GTAATAGC,141,0.206,150,150,0.25,0.25,0.1,0.15,1
p2_15_20-3.txt,GCTAATA,142,0.1992529,150,150,0.25,0.25,0.1,0.15,2
p2_15_20-3.txt,GAATAAG,140,0.1999145,150,150,0.25,0.25,0.1,0.15,3
p2_15_20-3.txt,GTAATA,141,0.20915,150,150,0.25,0.25,0.1,0.15,4
p2_15_20-3.txt,GAATAAC,140,0.1980403,150,150,0.25,0.25,0.1,0.15,5
p2_15_20-3.txt,GAATAAG,140,0.1969693,150,150,0.25,0.25,0.1,0.1,1
p2_15_20-3.txt,GTAATA,141,0.2080155,150,150,0.25,0.25,0.1,0.1,2
p2_15_20-3.txt,GAATGAC,140,0.2001404,150,150,0.25,0.25,0.1,0.1,3
p2_15_20-3.txt,GAATAA,141,0.2061919,150,150,0.25,0.25,0.1,0.1,4
p2_15_20-3.txt,GTAAGACT,143,0.2005083,150,150,0.25,0.25,0.1,0.1,5
p2_15_20-3.txt,GTAATAC,142,0.2003782,150,150,0.25,0.25,0.1,0.05,1
p2_15_20-3.txt,CGAATAA,142,0.2088967,150,150,0.25,0.25,0.1,0.05,2
p2_15_20-3.txt,GAATAC,141,0.2017493,150,150,0.25,0.25,0.1,0.05,3
p2_15_20-3.txt,GAATAA,141,0.2127073,150,150,0.25,0.25,0.1,0.05,4
p2_15_20-3.txt,GAATAAG,140,0.2026627,150,150,0.25,0.25,0.1,0.05,5
p2_15_20-3.txt,GAATAAC,140,0.2070068,150,150,0.25,0.25,0.1,0.0,1
p2_15_20-3.txt,GAATAC,141,0.2130256,150,150,0.25,0.25,0.1,0.0,2
p2_15_20-3.txt,GAATAAGC,139,0.2280833,150,150,0.25,0.25,0.1,0.0,3
p2_15_20-3.txt,CGAATAAC,141,0.2136456,150,150,0.25,0.25,0.1,0.0,4
p2_15_20-3.txt,GCTAATA,142,0.2031061,150,150,0.25,0.25,0.1,0.0,5
p2_15_20-3.txt,GTAAGTA,140,0.1914152,150,150,0.25,0.25,0.15,0.5,1
p2_15_20-3.txt,GAATAAC,140,0.2172992,150,150,0.25,0.25,0.15,0.5,2
p2_15_20-3.txt,GAATAAG,140,0.1908986,150,150,0.25,0.25,0.15,0.5,3
p2_15_20-3.txt,GTAATA,141,0.1881492,150,150,0.25,0.25,0.15,0.5,4
p2_15_20-3.txt,GATAATA,142,0.1970992,150,150,0.25,0.25,0.15,0.5,5
p2_15_20-3.txt,GTAAGTA,140,0.1907189,150,150,0.25,0.25,0.15,0.45,1
p2_15_20-3.txt,GAATGAC,140,0.2017061,150,150,0.25,0.25,0.15,0.45,2
p2_15_20-3.txt,GTAAGTA,140,0.1933644,150,150,0.25,0.25,0.15,0.45,3
p2_15_20-3.txt,GAATAAG,140,0.1906136,150,150,0.25,0.25,0.15,0.45,4
p2_15_20-3.txt,GAATAC,141,0.2000077,150,150,0.25,0.25,0.15,0.45,5
p2_15_20-3.txt,GAATAAGC,139,0.1918503,150,150,0.25,0.25,0.15,0.4,1
p2_15_20-3.txt,GAATAAG,140,0.2054077,150,150,0.25,0.25,0.15,0.4,2
p2_15_20-3.txt,GAATAAGC,139,0.2001569,150,150,0.25,0.25,0.15,0.4,3
p2_15_20-3.txt,GAATAAC,140,0.1923274,150,150,0.25,0.25,0.15,0.4,4
p2_15_20-3.txt,GAATAA,141,0.1909175,150,150,0.25,0.25,0.15,0.4,5
p2_15_20-3.txt,GTAATAG,142,0.2031342,150,150,0.25,0.25,0.15,0.35,1
p2_15_20-3.txt,GAATAA,141,0.1920625,150,150,0.25,0.25,0.15,0.35,2
p2_15_20-3.txt,GTAAGTA,140,0.1920352,150,150,0.25,0.25,0.15,0.35,3
p2_15_20-3.txt,GAATAAC,140,0.2017622,150,150,0.25,0.25,0.15,0.35,4
p2_15_20-3.txt,CGAATAACG,142,0.1928352,150,150,0.25,0.25,0.15,0.35,5
p2_15_20-3.txt,GAATAC,141,0.1917005,150,150,0.25,0.25,0.15,0.3,1
p2_15_20-3.txt,GAATAA,141,0.2025873,150,150,0.25,0.25,0.15,0.3,2
p2_15_20-3.txt,GTAAGTAC,141,0.1912034,150,150,0.25,0.25,0.15,0.3,3
p2_15_20-3.txt,GAATA,142,0.1954747,150,150,0.25,0.25,0.15,0.3,4
p2_15_20-3.txt,GAATA,142,0.2008517,150,150,0.25,0.25,0.15,0.3,5
p2_15_20-3.txt,GTAATA,141,0.1944027,150,150,0.25,0.25,0.15,0.25,1
p2_15_20-3.txt,GAATAAC,140,0.202072,150,150,0.25,0.25,0.15,0.25,2
p2_15_20-3.txt,GTAATAA,142,0.1949246,150,150,0.25,0.25,0.15,0.25,3
p2_15_20-3.txt,GAATAA,141,0.1930077,150,150,0.25,0.25,0.15,0.25,4
p2_15_20-3.txt,GAATGAC,140,0.2046003,150,150,0.25,0.25,0.15,0.25,5
p2_15_20-3.txt,GAATAAG,140,0.1976848,150,150,0.25,0.25,0.15,0.2,1
p2_15_20-3.txt,GTAATAG,142,0.1945317,150,150,0.25,0.25,0.15,0.2,2
p2_15_20-3.txt,GTAATA,141,0.2057019,150,150,0.25,0.25,0.15,0.2,3
p2_15_20-3.txt,GAATAAC,140,0.1963709,150,150,0.25,0.25,0.15,0.2,4
p2_15_20-3.txt,GTAATAA,142,0.2034841,150,150,0.25,0.25,0.15,0.2,5
p2_15_20-3.txt,GTAATA,141,0.1987807,150,150,0.25,0.25,0.15,0.15,1
p2_15_20-3.txt,GTAATA,141,0.1967548,150,150,0.25,0.25,0.15,0.15,2
p2_15_20-3.txt,GTAATA,141,0.206108,150,150,0.25,0.25,0.15,0.15,3
p2_15_20-3.txt,GAATA,142,0.1947386,150,150,0.25,0.25,0.15,0.15,4
p2_15_20-3.txt,GAATAAG,140,0.1974981,150,150,0.25,0.25,0.15,0.15,5
p2_15_20-3.txt,GAATAC,141,0.2073423,150,150,0.25,0.25,0.15,0.1,1
p2_15_20-3.txt,GAATAC,141,0.1992733,150,150,0.25,0.25,0.15,0.1,2
p2_15_20-3.txt,GTAAGTA,140,0.2086493,150,150,0.25,0.25,0.15,0.1,3
p2_15_20-3.txt,GAATAAC,140,0.2022187,150,150,0.25,0.25,0.15,0.1,4
p2_15_20-3.txt,GAATAAGC,139,0.199592,150,150,0.25,0.25,0.15,0.1,5
p2_15_20-3.txt,GTAAGTA,140,0.2107269,150,150,0.25,0.25,0.15,0.05,1
p2_15_20-3.txt,GAATAAC,140,0.2008808,150,150,0.25,0.25,0.15,0.05,2
p2_15_20-3.txt,GAATAAG,140,0.202824,150,150,0.25,0.25,0.15,0.05,3
p2_15_20-3.txt,GTAATA,141,0.2077217,150,150,0.25,0.25,0.15,0.05,4
p2_15_20-3.txt,GAATAA,141,0.2012001,150,150,0.25,0.25,0.15,0.05,5
p2_15_20-3.txt,GAATACA,144,0.2110611,150,150,0.25,0.25,0.15,0.0,1
p2_15_20-3.txt,GAATAA,141,0.1995655,150,150,0.25,0.25,0.15,0.0,2
p2_15_20-3.txt,CGAATAAG,141,0.2036713,150,150,0.25,0.25,0.15,0.0,3
p2_15_20-3.txt,GAATAC,141,0.2120795,150,150,0.25,0.25,0.15,0.0,4
p2_15_20-3.txt,CGAATAA,142,0.2014027,150,150,0.25,0.25,0.15,0.0,5
p2_15_20-3.txt,GAATAAG,140,0.199367,150,150,0.25,0.25,0.2,0.5,1
p2_15_20-3.txt,GAATAAG,140,0.1898501,150,150,0.25,0.25,0.2,0.5,2
p2_15_20-3.txt,GTAATA,141,0.1896704,150,150,0.25,0.25,0.2,0.5,3
p2_15_20-3.txt,GTAAGTA,140,0.1977847,150,150,0.25,0.25,0.2,0.5,4
p2_15_20-3.txt,CGATAAGTA,142,0.1891101,150,150,0.25,0.25,0.2,0.5,5
p2_15_20-3.txt,GTAATAGC,141,0.188739,150,150,0.25,0.25,0.2,0.45,1
p2_15_20-3.txt,GAATAAG,140,0.1989226,150,150,0.25,0.25,0.2,0.45,2
p2_15_20-3.txt,GAATAAC,140,0.1882813,150,150,0.25,0.25,0.2,0.45,3
p2_15_20-3.txt,GTAATA,141,0.1879169,150,150,0.25,0.25,0.2,0.45,4
p2_15_20-3.txt,GAATAAC,140,0.1982564,150,150,0.25,0.25,0.2,0.45,5
p2_15_20-3.txt,GTAATA,141,0.1892121,150,150,0.25,0.25,0.2,0.4,1
p2_15_20-3.txt,GAATAACG,141,0.1902475,150,150,0.25,0.25,0.2,0.4,2
p2_15_20-3.txt,GTAAGTA,140,0.1992043,150,150,0.25,0.25,0.2,0.4,3
p2_15_20-3.txt,GAATAAC,140,0.1903152,150,150,0.25,0.25,0.2,0.4,4
p2_15_20-3.txt,GCTAATGAC,142,0.19293,150,150,0.25,0.25,0.2,0.4,5
p2_15_20-3.txt,GTAATA,141,0.2040927,150,150,0.25,0.25,0.2,0.35,1
p2_15_20-3.txt,GTAAGTA,140,0.1926908,150,150,0.25,0.25,0.2,0.35,2
p2_15_20-3.txt,GAATAAC,140,0.1913949,150,150,0.25,0.25,0.2,0.35,3
p2_15_20-3.txt,GAATAC,141,0.2007319,150,150,0.25,0.25,0.2,0.35,4
p2_15_20-3.txt,GAATAAC,140,0.1909504,150,150,0.25,0.25,0.2,0.35,5
p2_15_20-3.txt,GAATAA,141,0.1927323,150,150,0.25,0.25,0.2,0.3,1
p2_15_20-3.txt,GTAATA,141,0.2004856,150,150,0.25,0.25,0.2,0.3,2
p2_15_20-3.txt,GTAATA,141,0.1909861,150,150,0.25,0.25,0.2,0.3,3
p2_15_20-3.txt,GAATAA,141,0.1909651,150,150,0.25,0.25,0.2,0.3,4
p2_15_20-3.txt,GAATAC,141,0.1986486,150,150,0.25,0.25,0.2,0.3,5
p2_15_20-3.txt,GAATAAG,140,0.1944014,150,150,0.25,0.25,0.2,0.25,1
p2_15_20-3.txt,GAATAAC,140,0.1947228,150,150,0.25,0.25,0.2,0.25,2
p2_15_20-3.txt,GAATAACG,141,0.2002014,150,150,0.25,0.25,0.2,0.25,3
p2_15_20-3.txt,GAATA,142,0.1933548,150,150,0.25,0.25,0.2,0.25,4
p2_15_20-3.txt,GTAATA,141,0.2033926,150,150,0.25,0.25,0.2,0.25,5
p2_15_20-3.txt,GAATAAGC,139,0.1970967,150,150,0.25,0.25,0.2,0.2,1
p2_15_20-3.txt,GTAAGTA,140,0.1953536,150,150,0.25,0.25,0.2,0.2,2
p2_15_20-3.txt,GAATAAG,140,0.2040345,150,150,0.25,0.25,0.2,0.2,3
p2_15_20-3.txt,GAATGAC,140,0.1953811,150,150,0.25,0.25,0.2,0.2,4
p2_15_20-3.txt,GAATAAGC,139,0.1935559,150,150,0.25,0.25,0.2,0.2,5
p2_15_20-3.txt,GAATAAG,140,0.2063577,150,150,0.25,0.25,0.2,0.15,1
p2_15_20-3.txt,GTAATA,141,0.1951775,150,150,0.25,0.25,0.2,0.15,2
p2_15_20-3.txt,GTAAGTA,140,0.1966176,150,150,0.25,0.25,0.2,0.15,3
p2_15_20-3.txt,CGAATAA,142,0.2044182,150,150,0.25,0.25,0.2,0.15,4
p2_15_20-3.txt,GAATAC,141,0.1945405,150,150,0.25,0.25,0.2,0.15,5
p2_15_20-3.txt,GAATAAGC,139,0.2054676,150,150,0.25,0.25,0.2,0.1,1
p2_15_20-3.txt,GAATAAC,140,0.1978765,150,150,0.25,0.25,0.2,0.1,2
p2_15_20-3.txt,GAATAA,141,0.1954279,150,150,0.25,0.25,0.2,0.1,3
p2_15_20-3.txt,GAATAACG,141,0.2060358,150,150,0.25,0.25,0.2,0.1,4
p2_15_20-3.txt,GAATA,142,0.1981287,150,150,0.25,0.25,0.2,0.1,5
p2_15_20-3.txt,CGAATGACT,142,0.1982512,150,150,0.25,0.25,0.2,0.05,1
p2_15_20-3.txt,GTAATGAC,141,0.2051384,150,150,0.25,0.25,0.2,0.05,2
p2_15_20-3.txt,GTAAGTA,140,0.1974449,150,150,0.25,0.25,0.2,0.05,3
p2_15_20-3.txt,GAATA,142,0.2011656,150,150,0.25,0.25,0.2,0.05,4
p2_15_20-3.txt,GAATAA,141,0.2038415,150,150,0.25,0.25,0.2,0.05,5
p2_15_20-3.txt,GAATAAC,140,0.1990958,150,150,0.25,0.25,0.2,0.0,1
p2_15_20-3.txt,GTAAGTA,140,0.2120762,150,150,0.25,0.25,0.2,0.0,2
p2_15_20-3.txt,GTAATA,141,0.1989957,150,150,0.25,0.25,0.2,0.0,3
p2_15_20-3.txt,GAATAC,141,0.2029336,150,150,0.25,0.25,0.2,0.0,4
p2_15_20-3.txt,GAATAA,141,0.2087984,150,150,0.25,0.25,0.2,0.0,5
p2_15_20-3.txt,GTAAGTA,140,0.1899252,150,150,0.25,0.25,0.25,0.5,1
p2_15_20-3.txt,GTAAGTAA,143,0.1915284,150,150,0.25,0.25,0.25,0.5,2
p2_15_20-3.txt,GTAATA,141,0.1968675,150,150,0.25,0.25,0.25,0.5,3
p2_15_20-3.txt,GAATAAC,140,0.1893129,150,150,0.25,0.25,0.25,0.5,4
p2_15_20-3.txt,GTAAGTA,140,0.1905924,150,150,0.25,0.25,0.25,0.5,5
p2_15_20-3.txt,GAATA,142,0.1979046,150,150,0.25,0.25,0.25,0.45,1
p2_15_20-3.txt,GAATAA,141,0.1898311,150,150,0.25,0.25,0.25,0.45,2
p2_15_20-3.txt,GAATAAGC,139,0.1920255,150,150,0.25,0.25,0.25,0.45,3
p2_15_20-3.txt,GAATAAC,140,0.197458,150,150,0.25,0.25,0.25,0.45,4
p2_15_20-3.txt,GAATAC,141,0.1895606,150,150,0.25,0.25,0.25,0.45,5
p2_15_20-3.txt,GAATAA,141,0.1915331,150,150,0.25,0.25,0.25,0.4,1
p2_15_20-3.txt,GAATAAC,140,0.2004269,150,150,0.25,0.25,0.25,0.4,2
p2_15_20-3.txt,GTAATA,141,0.1907113,150,150,0.25,0.25,0.25,0.4,3
p2_15_20-3.txt,GAATGA,143,0.192341,150,150,0.25,0.25,0.25,0.4,4
p2_15_20-3.txt,CGCTAATA,141,0.1979137,150,150,0.25,0.25,0.25,0.4,5
p2_15_20-3.txt,GAATAC,141,0.1887934,150,150,0.25,0.25,0.25,0.35,1
p2_15_20-3.txt,GAATAA,141,0.1908181,150,150,0.25,0.25,0.25,0.35,2
p2_15_20-3.txt,CGTAATA,142,0.2014174,150,150,0.25,0.25,0.25,0.35,3
p2_15_20-3.txt,GAATGAC,140,0.1900082,150,150,0.25,0.25,0.25,0.35,4
p2_15_20-3.txt,GTAATA,141,0.1994006,150,150,0.25,0.25,0.25,0.35,5
p2_15_20-3.txt,GTAAGTAC,141,0.1930638,150,150,0.25,0.25,0.25,0.3,1
p2_15_20-3.txt,GAATAA,141,0.1904684,150,150,0.25,0.25,0.25,0.3,2
p2_15_20-3.txt,GAATGAC,140,0.1991794,150,150,0.25,0.25,0.25,0.3,3
p2_15_20-3.txt,GAATAA,141,0.1939239,150,150,0.25,0.25,0.25,0.3,4
p2_15_20-3.txt,GTAATA,141,0.1926789,150,150,0.25,0.25,0.25,0.3,5
p2_15_20-3.txt,GAATAAG,140,0.2012414,150,150,0.25,0.25,0.25,0.25,1
p2_15_20-3.txt,GTAATA,141,0.1925221,150,150,0.25,0.25,0.25,0.25,2
p2_15_20-3.txt,GTAATGA,142,0.1927392,150,150,0.25,0.25,0.25,0.25,3
p2_15_20-3.txt,GAATAA,141,0.2007791,150,150,0.25,0.25,0.25,0.25,4
p2_15_20-3.txt,GAATAC,141,0.1925562,150,150,0.25,0.25,0.25,0.25,5
p2_15_20-3.txt,GTAATA,141,0.1909546,150,150,0.25,0.25,0.25,0.2,1
p2_15_20-3.txt,GAATGAC,140,0.2043858,150,150,0.25,0.25,0.25,0.2,2
p2_15_20-3.txt,GTAATAAC,143,0.1924472,150,150,0.25,0.25,0.25,0.2,3
p2_15_20-3.txt,GAATAAC,140,0.1950189,150,150,0.25,0.25,0.25,0.2,4
p2_15_20-3.txt,GAATAA,141,0.200218,150,150,0.25,0.25,0.25,0.2,5
p2_15_20-3.txt,GTAATA,141,0.194197,150,150,0.25,0.25,0.25,0.15,1
p2_15_20-3.txt,GTAAGTAC,141,0.1936268,150,150,0.25,0.25,0.25,0.15,2
p2_15_20-3.txt,GAATAAC,140,0.2033701,150,150,0.25,0.25,0.25,0.15,3
p2_15_20-3.txt,GTAAGTA,140,0.1952944,150,150,0.25,0.25,0.25,0.15,4
p2_15_20-3.txt,GTAATA,141,0.1969064,150,150,0.25,0.25,0.25,0.15,5
p2_15_20-3.txt,GTAATA,141,0.2020956,150,150,0.25,0.25,0.25,0.1,1
p2_15_20-3.txt,GAATAAG,140,0.193498,150,150,0.25,0.25,0.25,0.1,2
p2_15_20-3.txt,GTAAGTA,140,0.2065154,150,150,0.25,0.25,0.25,0.1,3
p2_15_20-3.txt,GTAAGTA,140,0.1978068,150,150,0.25,0.25,0.25,0.1,4
p2_15_20-3.txt,GTAATA,141,0.1968675,150,150,0.25,0.25,0.25,0.1,5
p2_15_20-3.txt,GAATGAC,140,0.2032241,150,150,0.25,0.25,0.25,0.05,1
p2_15_20-3.txt,GAATA,142,0.1954496,150,150,0.25,0.25,0.25,0.05,2
p2_15_20-3.txt,CGTAAGTA,141,0.197806,150,150,0.25,0.25,0.25,0.05,3
p2_15_20-3.txt,GATACT,143,0.2069555,150,150,0.25,0.25,0.25,0.05,4
p2_15_20-3.txt,CGAATAAG,141,0.1969223,150,150,0.25,0.25,0.25,0.05,5
p2_15_20-3.txt,GAATAGC,142,0.2003138,150,150,0.25,0.25,0.25,0.0,1
p2_15_20-3.txt,GTAAGTA,140,0.2062876,150,150,0.25,0.25,0.25,0.0,2
p2_15_20-3.txt,GTAATAGC,141,0.199497,150,150,0.25,0.25,0.25,0.0,3
p2_15_20-3.txt,GAATAAG,140,0.206543,150,150,0.25,0.25,0.25,0.0,4
p2_15_20-3.txt,GAATAACG,141,0.1975653,150,150,0.25,0.25,0.25,0.0,5
p2_15_20-3.txt,GTAATA,141,0.1873802,150,150,0.25,0.25,0.3,0.5,1
p2_15_20-3.txt,GTAAGTA,140,0.1984735,150,150,0.25,0.25,0.3,0.5,2
p2_15_20-3.txt,GAATAG,143,0.1891597,150,150,0.25,0.25,0.3,0.5,3
p2_15_20-3.txt,GAATGAC,140,0.1868307,150,150,0.25,0.25,0.3,0.5,4
p2_15_20-3.txt,GTAAGTA,140,0.1966807,150,150,0.25,0.25,0.3,0.5,5
p2_15_20-3.txt,GAATAAC,140,0.1871372,150,150,0.25,0.25,0.3,0.45,1
p2_15_20-3.txt,GAATGAC,140,0.1868773,150,150,0.25,0.25,0.3,0.45,2
p2_15_20-3.txt,GAATGAC,140,0.1998325,150,150,0.25,0.25,0.3,0.45,3
p2_15_20-3.txt,GAATAA,141,0.1892259,150,150,0.25,0.25,0.3,0.45,4
p2_15_20-3.txt,GAATAAC,140,0.1866491,150,150,0.25,0.25,0.3,0.45,5
p2_15_20-3.txt,GAATGAC,140,0.1995523,150,150,0.25,0.25,0.3,0.4,1
p2_15_20-3.txt,GTAAGTAC,141,0.1921174,150,150,0.25,0.25,0.3,0.4,2
p2_15_20-3.txt,GTAAGTAA,143,0.1870726,150,150,0.25,0.25,0.3,0.4,3
p2_15_20-3.txt,GAATAA,141,0.2006141,150,150,0.25,0.25,0.3,0.4,4
p2_15_20-3.txt,GAATGAC,140,0.1904365,150,150,0.25,0.25,0.3,0.4,5
p2_15_20-3.txt,GAATAA,141,0.1887958,150,150,0.25,0.25,0.3,0.35,1
p2_15_20-3.txt,GTAAGTA,140,0.199419,150,150,0.25,0.25,0.3,0.35,2
p2_15_20-3.txt,GAATAA,141,0.1892308,150,150,0.25,0.25,0.3,0.35,3
p2_15_20-3.txt,GTAATGAC,141,0.1923124,150,150,0.25,0.25,0.3,0.35,4
p2_15_20-3.txt,GTAATA,141,0.1960111,150,150,0.25,0.25,0.3,0.35,5
p2_15_20-3.txt,GAATAA,141,0.1925023,150,150,0.25,0.25,0.3,0.3,1
p2_15_20-3.txt,GAATAA,141,0.1912303,150,150,0.25,0.25,0.3,0.3,2
p2_15_20-3.txt,GTAAGTAC,141,0.2001836,150,150,0.25,0.25,0.3,0.3,3
p2_15_20-3.txt,GTAATAC,142,0.1934609,150,150,0.25,0.25,0.3,0.3,4
p2_15_20-3.txt,GAATAAG,140,0.1909154,150,150,0.25,0.25,0.3,0.3,5
p2_15_20-3.txt,GAATAAC,140,0.1999598,150,150,0.25,0.25,0.3,0.25,1
p2_15_20-3.txt,GAATGAC,140,0.1897755,150,150,0.25,0.25,0.3,0.25,2
p2_15_20-3.txt,GAATGAC,140,0.1923814,150,150,0.25,0.25,0.3,0.25,3
p2_15_20-3.txt,GAATAAG,140,0.1976433,150,150,0.25,0.25,0.3,0.25,4
p2_15_20-3.txt,GAATGAC,140,0.1900707,150,150,0.25,0.25,0.3,0.25,5
p2_15_20-3.txt,GAATA,142,0.192595,150,150,0.25,0.25,0.3,0.2,1
p2_15_20-3.txt,GCTAATA,142,0.2032704,150,150,0.25,0.25,0.3,0.2,2
p2_15_20-3.txt,GAATAA,141,0.1941408,150,150,0.25,0.25,0.3,0.2,3
p2_15_20-3.txt,GTAAGTA,140,0.1918499,150,150,0.25,0.25,0.3,0.2,4
p2_15_20-3.txt,GAATAAG,140,0.2019566,150,150,0.25,0.25,0.3,0.2,5
p2_15_20-3.txt,GAATAC,141,0.191415,150,150,0.25,0.25,0.3,0.15,1
p2_15_20-3.txt,CGAATAA,142,0.1937897,150,150,0.25,0.25,0.3,0.15,2
p2_15_20-3.txt,GAATAAGC,139,0.2008478,150,150,0.25,0.25,0.3,0.15,3
p2_15_20-3.txt,GTAAGTA,140,0.1946866,150,150,0.25,0.25,0.3,0.15,4
p2_15_20-3.txt,GTAAGTAC,141,0.1909023,150,150,0.25,0.25,0.3,0.15,5
p2_15_20-3.txt,GTAATA,141,0.2044354,150,150,0.25,0.25,0.3,0.1,1
p2_15_20-3.txt,GCTAATA,142,0.1962399,150,150,0.25,0.25,0.3,0.1,2
p2_15_20-3.txt,CGCTAATA,141,0.195304,150,150,0.25,0.25,0.3,0.1,3
p2_15_20-3.txt,GAATGACT,141,0.2051415,150,150,0.25,0.25,0.3,0.1,4
p2_15_20-3.txt,GTAAGTA,140,0.1932828,150,150,0.25,0.25,0.3,0.1,5
p2_15_20-3.txt,GAATGAC,140,0.1958964,150,150,0.25,0.25,0.3,0.05,1
p2_15_20-3.txt,CGAATAAGC,140,0.2059483,150,150,0.25,0.25,0.3,0.05,2
p2_15_20-3.txt,GTAATA,141,0.1958185,150,150,0.25,0.25,0.3,0.05,3
p2_15_20-3.txt,GAATAC,141,0.204792,150,150,0.25,0.25,0.3,0.05,4
p2_15_20-3.txt,GAATAAGC,139,0.1953531,150,150,0.25,0.25,0.3,0.05,5
p2_15_20-3.txt,GTAATA,141,0.1994381,150,150,0.25,0.25,0.3,0.0,1
p2_15_20-3.txt,GTAATA,141,0.2069162,150,150,0.25,0.25,0.3,0.0,2
p2_15_20-3.txt,GAATAAG,140,0.1962686,150,150,0.25,0.25,0.3,0.0,3
p2_15_20-3.txt,GAATAACG,141,0.1976682,150,150,0.25,0.25,0.3,0.0,4
p2_15_20-3.txt,GAATAAGC,139,0.2055588,150,150,0.25,0.25,0.3,0.0,5
p2_15_20-3.txt,GAATAC,141,0.1901323,150,150,0.25,0.25,0.35,0.5,1
p2_15_20-3.txt,GTAAGTA,140,0.1898463,150,150,0.25,0.25,0.35,0.5,2
p2_15_20-3.txt,GTAATA,141,0.1992704,150,150,0.25,0.25,0.35,0.5,3
p2_15_20-3.txt,GTAATA,141,0.1874435,150,150,0.25,0.25,0.35,0.5,4
p2_15_20-3.txt,GAATAA,141,0.1878721,150,150,0.25,0.25,0.35,0.5,5
p2_15_20-3.txt,GAATAA,141,0.1977871,150,150,0.25,0.25,0.35,0.45,1
p2_15_20-3.txt,GAATAAG,140,0.1899425,150,150,0.25,0.25,0.35,0.45,2
p2_15_20-3.txt,GAATAAC,140,0.1881373,150,150,0.25,0.25,0.35,0.45,3
p2_15_20-3.txt,GTAATA,141,0.1963838,150,150,0.25,0.25,0.35,0.45,4
p2_15_20-3.txt,GTAAGTA,140,0.1890268,150,150,0.25,0.25,0.35,0.45,5
p2_15_20-3.txt,CGAATGAC,141,0.191704,150,150,0.25,0.25,0.35,0.4,1
p2_15_20-3.txt,GAATAA,141,0.2016612,150,150,0.25,0.25,0.35,0.4,2
p2_15_20-3.txt,GAATA,142,0.1910269,150,150,0.25,0.25,0.35,0.4,3
p2_15_20-3.txt,GAATGAC,140,0.1881205,150,150,0.25,0.25,0.35,0.4,4
p2_15_20-3.txt,GAATAA,141,0.1994715,150,150,0.25,0.25,0.35,0.4,5
p2_15_20-3.txt,GAATAC,141,0.1914649,150,150,0.25,0.25,0.35,0.35,1
p2_15_20-3.txt,CGCTAATA,141,0.191059,150,150,0.25,0.25,0.35,0.35,2
p2_15_20-3.txt,GTAATA,141,0.1993875,150,150,0.25,0.25,0.35,0.35,3
p2_15_20-3.txt,GAATAC,141,0.1895514,150,150,0.25,0.25,0.35,0.35,4
p2_15_20-3.txt,GTAATAG,142,0.1916274,150,150,0.25,0.25,0.35,0.35,5
p2_15_20-3.txt,GAATGAC,140,0.191147,150,150,0.25,0.25,0.35,0.3,1
p2_15_20-3.txt,GTAATA,141,0.1956705,150,150,0.25,0.25,0.35,0.3,2
p2_15_20-3.txt,GATACT,143,0.1880135,150,150,0.25,0.25,0.35,0.3,3
p2_15_20-3.txt,GAATAA,141,0.1896785,150,150,0.25,0.25,0.35,0.3,4
p2_15_20-3.txt,GAATGA,143,0.1949034,150,150,0.25,0.25,0.35,0.3,5
p2_15_20-3.txt,GAATAAG,140,0.1918829,150,150,0.25,0.25,0.35,0.25,1
p2_15_20-3.txt,GTAATA,141,0.1940725,150,150,0.25,0.25,0.35,0.25,2
p2_15_20-3.txt,GAATAAG,140,0.201731,150,150,0.25,0.25,0.35,0.25,3
p2_15_20-3.txt,GAATGAC,140,0.1908388,150,150,0.25,0.25,0.35,0.25,4
p2_15_20-3.txt,GTAATA,141,0.1911483,150,150,0.25,0.25,0.35,0.25,5
p2_15_20-3.txt,GAATAA,141,0.1973075,150,150,0.25,0.25,0.35,0.2,1
p2_15_20-3.txt,GAATAAC,140,0.1926072,150,150,0.25,0.25,0.35,0.2,2
p2_15_20-3.txt,GTAAGTA,140,0.1933006,150,150,0.25,0.25,0.35,0.2,3
p2_15_20-3.txt,GAATAC,141,0.1984007,150,150,0.25,0.25,0.35,0.2,4
p2_15_20-3.txt,GAATAA,141,0.1934429,150,150,0.25,0.25,0.35,0.2,5
p2_15_20-3.txt,GAATGAC,140,0.1934947,150,150,0.25,0.25,0.35,0.15,1
p2_15_20-3.txt,GATAAGTA,141,0.1995728,150,150,0.25,0.25,0.35,0.15,2
p2_15_20-3.txt,GTAATGAC,141,0.1946054,150,150,0.25,0.25,0.35,0.15,3
p2_15_20-3.txt,GAATAAGC,139,0.2005803,150,150,0.25,0.25,0.35,0.15,4
p2_15_20-3.txt,CGAATAAC,141,0.1939701,150,150,0.25,0.25,0.35,0.15,5
p2_15_20-3.txt,GTAATA,141,0.1961434,150,150,0.25,0.25,0.35,0.1,1
p2_15_20-3.txt,GAATGAC,140,0.2040336,150,150,0.25,0.25,0.35,0.1,2
p2_15_20-3.txt,CGTAAGTA,141,0.1954809,150,150,0.25,0.25,0.35,0.1,3
p2_15_20-3.txt,GAATAAG,140,0.1952225,150,150,0.25,0.25,0.35,0.1,4
p2_15_20-3.txt,GTAATA,141,0.2019242,150,150,0.25,0.25,0.35,0.1,5
p2_15_20-3.txt,GAATAAG,140,0.19603,150,150,0.25,0.25,0.35,0.05,1
p2_15_20-3.txt,GAATAAG,140,0.1961145,150,150,0.25,0.25,0.35,0.05,2
p2_15_20-3.txt,GAATAA,141,0.2028358,150,150,0.25,0.25,0.35,0.05,3
p2_15_20-3.txt,CGAATAA,142,0.1935234,150,150,0.25,0.25,0.35,0.05,4
p2_15_20-3.txt,GTAATA,141,0.1948367,150,150,0.25,0.25,0.35,0.05,5
p2_15_20-3.txt,CTAATA,143,0.2047102,150,150,0.25,0.25,0.35,0.0,1
p2_15_20-3.txt,GAATGAC,140,0.1952368,150,150,0.25,0.25,0.35,0.0,2
p2_15_20-3.txt,GCTAATA,142,0.200146,150,150,0.25,0.25,0.35,0.0,3
p2_15_20-3.txt,GAATAAG,140,0.2086171,150,150,0.25,0.25,0.35,0.0,4
p2_15_20-3.txt,CGAATA,143,0.1975983,150,150,0.25,0.25,0.35,0.0,5
p2_15_20-3.txt,GAATAAGC,139,0.188867,150,150,0.25,0.25,0.4,0.5,1
p2_15_20-3.txt,GAATAA,141,0.1945488,150,150,0.25,0.25,0.4,0.5,2
p2_15_20-3.txt,GAATAA,141,0.1877417,150,150,0.25,0.25,0.4,0.5,3
p2_15_20-3.txt,GAATGAC,140,0.1883385,150,150,0.25,0.25,0.4,0.5,4
p2_15_20-3.txt,GAATAC,141,0.1972263,150,150,0.25,0.25,0.4,0.5,5
p2_15_20-3.txt,GAATAC,141,0.1929094,150,150,0.25,0.25,0.4,0.45,1
p2_15_20-3.txt,GAATAAC,140,0.1864281,150,150,0.25,0.25,0.4,0.45,2
p2_15_20-3.txt,GAATAAC,140,0.1972998,150,150,0.25,0.25,0.4,0.45,3
p2_15_20-3.txt,GTAATA,141,0.1897034,150,150,0.25,0.25,0.4,0.45,4
p2_15_20-3.txt,GAATAAC,140,0.188043,150,150,0.25,0.25,0.4,0.45,5
p2_15_20-3.txt,GTAATA,141,0.1988567,150,150,0.25,0.25,0.4,0.4,1
p2_15_20-3.txt,GAATA,142,0.189369,150,150,0.25,0.25,0.4,0.4,2
p2_15_20-3.txt,GATAAGTA,141,0.1903593,150,150,0.25,0.25,0.4,0.4,3
p2_15_20-3.txt,GACTAAGT,143,0.1992807,150,150,0.25,0.25,0.4,0.4,4
p2_15_20-3.txt,GAATAAC,140,0.1908813,150,150,0.25,0.25,0.4,0.4,5
p2_15_20-3.txt,GTAATA,141,0.1891271,150,150,0.25,0.25,0.4,0.35,1
p2_15_20-3.txt,GAATAAC,140,0.1892333,150,150,0.25,0.25,0.4,0.35,2
p2_15_20-3.txt,GAATAA,141,0.199902,150,150,0.25,0.25,0.4,0.35,3
p2_15_20-3.txt,GAATAAG,140,0.1888115,150,150,0.25,0.25,0.4,0.35,4
p2_15_20-3.txt,GTAATAG,142,0.192012,150,150,0.25,0.25,0.4,0.35,5
p2_15_20-3.txt,GAATAA,141,0.1989179,150,150,0.25,0.25,0.4,0.3,1
p2_15_20-3.txt,GAATA,142,0.1918039,150,150,0.25,0.25,0.4,0.3,2
p2_15_20-3.txt,GAATAAC,140,0.1894063,150,150,0.25,0.25,0.4,0.3,3
p2_15_20-3.txt,GAATAAGC,139,0.1957461,150,150,0.25,0.25,0.4,0.3,4
p2_15_20-3.txt,GAATAACG,141,0.1890251,150,150,0.25,0.25,0.4,0.3,5
p2_15_20-3.txt,GAATAC,141,0.1920673,150,150,0.25,0.25,0.4,0.25,1
p2_15_20-3.txt,GAATAAG,140,0.1996863,150,150,0.25,0.25,0.4,0.25,2
p2_15_20-3.txt,GAATAAC,140,0.1909977,150,150,0.25,0.25,0.4,0.25,3
p2_15_20-3.txt,GTAAGTA,140,0.1916973,150,150,0.25,0.25,0.4,0.25,4
p2_15_20-3.txt,GTAATAGC,141,0.1991524,150,150,0.25,0.25,0.4,0.25,5
p2_15_20-3.txt,GAATAAC,140,0.1900514,150,150,0.25,0.25,0.4,0.2,1
p2_15_20-3.txt,GATAAGTA,141,0.191721,150,150,0.25,0.25,0.4,0.2,2
p2_15_20-3.txt,GTAAGTA,140,0.1984804,150,150,0.25,0.25,0.4,0.2,3
p2_15_20-3.txt,GAATAC,141,0.1922365,150,150,0.25,0.25,0.4,0.2,4
p2_15_20-3.txt,GAATAC,141,0.1918338,150,150,0.25,0.25,0.4,0.2,5
p2_15_20-3.txt,GAATAAGC,139,0.19908,150,150,0.25,0.25,0.4,0.15,1
p2_15_20-3.txt,GATAAGA,144,0.190819,150,150,0.25,0.25,0.4,0.15,2
p2_15_20-3.txt,GAATAAC,140,0.1929319,150,150,0.25,0.25,0.4,0.15,3
p2_15_20-3.txt,GTAATA,141,0.2014122,150,150,0.25,0.25,0.4,0.15,4
p2_15_20-3.txt,GAATAA,141,0.1914577,150,150,0.25,0.25,0.4,0.15,5
p2_15_20-3.txt,GTAAGTA,140,0.191213,150,150,0.25,0.25,0.4,0.1,1
p2_15_20-3.txt,GAATAA,141,0.2009113,150,150,0.25,0.25,0.4,0.1,2
p2_15_20-3.txt,GAATAAGC,139,0.192618,150,150,0.25,0.25,0.4,0.1,3
p2_15_20-3.txt,GAATAA,141,0.1936767,150,150,0.25,0.25,0.4,0.1,4
p2_15_20-3.txt,GTAAGTA,140,0.201741,150,150,0.25,0.25,0.4,0.1,5
p2_15_20-3.txt,GAATAA,141,0.1929805,150,150,0.25,0.25,0.4,0.05,1
p2_15_20-3.txt,GAATAC,141,0.1968235,150,150,0.25,0.25,0.4,0.05,2
p2_15_20-3.txt,GAATA,142,0.2024817,150,150,0.25,0.25,0.4,0.05,3
p2_15_20-3.txt,GAATA,142,0.1945076,150,150,0.25,0.25,0.4,0.05,4
p2_15_20-3.txt,GAATAA,141,0.1969992,150,150,0.25,0.25,0.4,0.05,5
p2_15_20-3.txt,GTAATA,141,0.2035857,150,150,0.25,0.25,0.4,0.0,1
p2_15_20-3.txt,GAATAAC,140,0.1944255,150,150,0.25,0.25,0.4,0.0,2
p2_15_20-3.txt,GAATAA,141,0.1937158,150,150,0.25,0.25,0.4,0.0,3
p2_15_20-3.txt,GAATAAC,140,0.202428,150,150,0.25,0.25,0.4,0.0,4
p2_15_20-3.txt,GTAATA,141,0.1944362,150,150,0.25,0.25,0.4,0.0,5
p2_15_20-3.txt,GAATAACG,141,0.1902432,150,150,0.25,0.25,0.45,0.5,1
p2_15_20-3.txt,GTAATA,141,0.1973285,150,150,0.25,0.25,0.45,0.5,2
p2_15_20-3.txt,GAATAA,141,0.1903196,150,150,0.25,0.25,0.45,0.5,3
p2_15_20-3.txt,GAATA,142,0.1862636,150,150,0.25,0.25,0.45,0.5,4
p2_15_20-3.txt,GAATAA,141,0.1987992,150,150,0.25,0.25,0.45,0.5,5
p2_15_20-3.txt,GAATGAC,140,0.1878856,150,150,0.25,0.25,0.45,0.45,1
p2_15_20-3.txt,GAATAA,141,0.1870149,150,150,0.25,0.25,0.45,0.45,2
p2_15_20-3.txt,CGAATAC,142,0.1963704,150,150,0.25,0.25,0.45,0.45,3
p2_15_20-3.txt,GAATAAC,140,0.1879157,150,150,0.25,0.25,0.45,0.45,4
p2_15_20-3.txt,GTAAGAC,144,0.1907419,150,150,0.25,0.25,0.45,0.45,5
p2_15_20-3.txt,GAATAC,141,0.1963823,150,150,0.25,0.25,0.45,0.4,1
p2_15_20-3.txt,GAATGAC,140,0.1910763,150,150,0.25,0.25,0.45,0.4,2
p2_15_20-3.txt,GAATAG,143,0.1884662,150,150,0.25,0.25,0.45,0.4,3
p2_15_20-3.txt,GAATAA,141,0.1968833,150,150,0.25,0.25,0.45,0.4,4
p2_15_20-3.txt,GTAATA,141,0.1894734,150,150,0.25,0.25,0.45,0.4,5
p2_15_20-3.txt,GAATA,142,0.187933,150,150,0.25,0.25,0.45,0.35,1
p2_15_20-3.txt,GAATA,142,0.191072,150,150,0.25,0.25,0.45,0.35,2
p2_15_20-3.txt,GAATAA,141,0.2003894,150,150,0.25,0.25,0.45,0.35,3
p2_15_20-3.txt,GAATAA,141,0.1878589,150,150,0.25,0.25,0.45,0.35,4
p2_15_20-3.txt,GTAAGTA,140,0.1913384,150,150,0.25,0.25,0.45,0.35,5
p2_15_20-3.txt,GTAATAC,142,0.1955387,150,150,0.25,0.25,0.45,0.3,1
p2_15_20-3.txt,GTAAGTA,140,0.1897285,150,150,0.25,0.25,0.45,0.3,2
p2_15_20-3.txt,GTAATAGC,141,0.189727,150,150,0.25,0.25,0.45,0.3,3
p2_15_20-3.txt,GTAAGTA,140,0.2007711,150,150,0.25,0.25,0.45,0.3,4
p2_15_20-3.txt,GAATGAC,140,0.1918702,150,150,0.25,0.25,0.45,0.3,5
p2_15_20-3.txt,GAATAA,141,0.1905241,150,150,0.25,0.25,0.45,0.25,1
p2_15_20-3.txt,GTAATA,141,0.197677,150,150,0.25,0.25,0.45,0.25,2
p2_15_20-3.txt,GAATAAC,140,0.189743,150,150,0.25,0.25,0.45,0.25,3
p2_15_20-3.txt,GATAAGTA,141,0.1896588,150,150,0.25,0.25,0.45,0.25,4
p2_15_20-3.txt,GAATAGC,142,0.2007678,150,150,0.25,0.25,0.45,0.25,5
p2_15_20-3.txt,GTAAGTA,140,0.1900274,150,150,0.25,0.25,0.45,0.2,1
p2_15_20-3.txt,GTAAGTA,140,0.1896296,150,150,0.25,0.25,0.45,0.2,2
p2_15_20-3.txt,GAATAA,141,0.1995888,150,150,0.25,0.25,0.45,0.2,3
p2_15_20-3.txt,CGCTAATA,141,0.1917897,150,150,0.25,0.25,0.45,0.2,4
p2_15_20-3.txt,GAATAAGC,139,0.1926609,150,150,0.25,0.25,0.45,0.2,5
p2_15_20-3.txt,CGAATAAG,141,0.1993672,150,150,0.25,0.25,0.45,0.15,1
p2_15_20-3.txt,GAATAA,141,0.1895124,150,150,0.25,0.25,0.45,0.15,2
p2_15_20-3.txt,CGCTAATA,141,0.1904665,150,150,0.25,0.25,0.45,0.15,3
p2_15_20-3.txt,CGCTAATA,141,0.2001943,150,150,0.25,0.25,0.45,0.15,4
p2_15_20-3.txt,GTAAGTA,140,0.1935717,150,150,0.25,0.25,0.45,0.15,5
p2_15_20-3.txt,GAATAA,141,0.1911321,150,150,0.25,0.25,0.45,0.1,1
p2_15_20-3.txt,GTAATA,141,0.1979123,150,150,0.25,0.25,0.45,0.1,2
p2_15_20-3.txt,GAATAAG,140,0.1907053,150,150,0.25,0.25,0.45,0.1,3
p2_15_20-3.txt,GAATAACG,141,0.1937911,150,150,0.25,0.25,0.45,0.1,4
p2_15_20-3.txt,GTAAGTA,140,0.197829,150,150,0.25,0.25,0.45,0.1,5
p2_15_20-3.txt,GTAATA,141,0.1950918,150,150,0.25,0.25,0.45,0.05,1
p2_15_20-3.txt,GAATGAC,140,0.1918393,150,150,0.25,0.25,0.45,0.05,2
p2_15_20-3.txt,GAATAAG,140,0.2018474,150,150,0.25,0.25,0.45,0.05,3
p2_15_20-3.txt,TGAATGAC,143,0.1933851,150,150,0.25,0.25,0.45,0.05,4
p2_15_20-3.txt,GAATAAGC,139,0.194373,150,150,0.25,0.25,0.45,0.05,5
p2_15_20-3.txt,GTAATA,141,0.2052801,150,150,0.25,0.25,0.45,0.0,1
p2_15_20-3.txt,GAATAAG,140,0.1933084,150,150,0.25,0.25,0.45,0.0,2
p2_15_20-3.txt,GATACT,143,0.1942825,150,150,0.25,0.25,0.45,0.0,3
p2_15_20-3.txt,GTAAGTA,140,0.2016402,150,150,0.25,0.25,0.45,0.0,4
p2_15_20-3.txt,GAATAA,141,0.1925097,150,150,0.25,0.25,0.45,0.0,5
p2_15_20-3.txt,GAATAA,141,0.1889574,150,150,0.25,0.25,0.5,0.5,1
p2_15_20-3.txt,GTAATA,141,0.1872393,150,150,0.25,0.25,0.5,0.5,2
p2_15_20-3.txt,GTAAGTA,140,0.1948986,150,150,0.25,0.25,0.5,0.5,3
p2_15_20-3.txt,GTAAGTA,140,0.1872904,150,150,0.25,0.25,0.5,0.5,4
p2_15_20-3.txt,GAATGAC,140,0.1881104,150,150,0.25,0.25,0.5,0.5,5
p2_15_20-3.txt,GTAATA,141,0.1969536,150,150,0.25,0.25,0.5,0.45,1
p2_15_20-3.txt,GAATGAC,140,0.1857162,150,150,0.25,0.25,0.5,0.45,2
p2_15_20-3.txt,GTAATA,141,0.1918231,150,150,0.25,0.25,0.5,0.45,3
p2_15_20-3.txt,GTAATAG,142,0.1965369,150,150,0.25,0.25,0.5,0.45,4
p2_15_20-3.txt,GAATAC,141,0.1871537,150,150,0.25,0.25,0.5,0.45,5
p2_15_20-3.txt,GAATAC,141,0.1883152,150,150,0.25,0.25,0.5,0.4,1
p2_15_20-3.txt,GAATAC,141,0.1984406,150,150,0.25,0.25,0.5,0.4,2
p2_15_20-3.txt,GAATAAC,140,0.1911856,150,150,0.25,0.25,0.5,0.4,3
p2_15_20-3.txt,GAATAAC,140,0.1864226,150,150,0.25,0.25,0.5,0.4,4
p2_15_20-3.txt,GTAATAGC,141,0.1976595,150,150,0.25,0.25,0.5,0.4,5
p2_15_20-3.txt,GAATAAGC,139,0.1909191,150,150,0.25,0.25,0.5,0.35,1
p2_15_20-3.txt,TGAATA,143,0.190015,150,150,0.25,0.25,0.5,0.35,2
p2_15_20-3.txt,GTAATA,141,0.1909595,150,150,0.25,0.25,0.5,0.35,3
p2_15_20-3.txt,GAATAAC,140,0.1989872,150,150,0.25,0.25,0.5,0.35,4
p2_15_20-3.txt,GAATAAG,140,0.1847921,150,150,0.25,0.25,0.5,0.35,5
p2_15_20-3.txt,GTAAGTA,140,0.1931365,150,150,0.25,0.25,0.5,0.3,1
p2_15_20-3.txt,GAATAA,141,0.1981426,150,150,0.25,0.25,0.5,0.3,2
p2_15_20-3.txt,GAATAAC,140,0.1919434,150,150,0.25,0.25,0.5,0.3,3
p2_15_20-3.txt,GAATAAC,140,0.1896304,150,150,0.25,0.25,0.5,0.3,4
p2_15_20-3.txt,GATAAGTA,141,0.198466,150,150,0.25,0.25,0.5,0.3,5
p2_15_20-3.txt,GTAAGTA,140,0.1918903,150,150,0.25,0.25,0.5,0.25,1
p2_15_20-3.txt,GTAATAGC,141,0.1853702,150,150,0.25,0.25,0.5,0.25,2
p2_15_20-3.txt,CGAATAAG,141,0.1984929,150,150,0.25,0.25,0.5,0.25,3
p2_15_20-3.txt,GAATAAC,140,0.1892319,150,150,0.25,0.25,0.5,0.25,4
p2_15_20-3.txt,GAATGTA,144,0.188162,150,150,0.25,0.25,0.5,0.25,5
p2_15_20-3.txt,GAATA,142,0.1983408,150,150,0.25,0.25,0.5,0.2,1
p2_15_20-3.txt,GAATAA,141,0.1948391,150,150,0.25,0.25,0.5,0.2,2
p2_15_20-3.txt,GAATAA,141,0.1909585,150,150,0.25,0.25,0.5,0.2,3
p2_15_20-3.txt,GTAATA,141,0.197908,150,150,0.25,0.25,0.5,0.2,4
p2_15_20-3.txt,GAATAGC,142,0.1894795,150,150,0.25,0.25,0.5,0.2,5
p2_15_20-3.txt,GTAATA,141,0.1888626,150,150,0.25,0.25,0.5,0.15,1
p2_15_20-3.txt,GTAATA,141,0.1897588,150,150,0.25,0.25,0.5,0.15,2
p2_15_20-3.txt,GAATAAGC,139,0.1999659,150,150,0.25,0.25,0.5,0.15,3
p2_15_20-3.txt,GAATGAC,140,0.1898613,150,150,0.25,0.25,0.5,0.15,4
p2_15_20-3.txt,GAATAAG,140,0.1916397,150,150,0.25,0.25,0.5,0.15,5
p2_15_20-3.txt,GTAATA,141,0.198712,150,150,0.25,0.25,0.5,0.1,1
p2_15_20-3.txt,GAATAAC,140,0.1926928,150,150,0.25,0.25,0.5,0.1,2
p2_15_20-3.txt,GTAATA,141,0.1906166,150,150,0.25,0.25,0.5,0.1,3
p2_15_20-3.txt,GAATAAG,140,0.1984084,150,150,0.25,0.25,0.5,0.1,4
p2_15_20-3.txt,GATAAGTA,141,0.1902803,150,150,0.25,0.25,0.5,0.1,5
p2_15_20-3.txt,GAATAAG,140,0.1933343,150,150,0.25,0.25,0.5,0.05,1
p2_15_20-3.txt,GAATAAGC,139,0.2020371,150,150,0.25,0.25,0.5,0.05,2
p2_15_20-3.txt,GAATGAC,140,0.1927703,150,150,0.25,0.25,0.5,0.05,3
p2_15_20-3.txt,GAATAAC,140,0.1926417,150,150,0.25,0.25,0.5,0.05,4
p2_15_20-3.txt,GAATGAC,140,0.201129,150,150,0.25,0.25,0.5,0.05,5
p2_15_20-3.txt,GTAATA,141,0.1909221,150,150,0.25,0.25,0.5,0.0,1
p2_15_20-3.txt,GTAAGTA,140,0.1944496,150,150,0.25,0.25,0.5,0.0,2
p2_15_20-3.txt,GAATAAC,140,0.2067547,150,150,0.25,0.25,0.5,0.0,3
p2_15_20-3.txt,GAATAAGC,139,0.1922617,150,150,0.25,0.25,0.5,0.0,4
p2_15_20-3.txt,GAATA,142,0.1925943,150,150,0.25,0.25,0.5,0.0,5
