,file,best,score,time
0,p2_10_13-0.dzn,AAGTCA,53,42.116037130355835
1,p2_10_13-1.dzn,CAATAGTCTGAAA,91,60.202126026153564
2,p2_10_13-2.dzn,GCGTACCATGCAA,82,60.22966003417969
3,p2_10_13-3.dzn,ATCGTCAACTGCA,85,60.20449209213257
4,p2_10_13-4.dzn,AGCACATAGTCAA,80,60.21481490135193
5,p2_10_20-0.dzn,CTAGCTGGATCAAAA,107,60.258745193481445
6,p2_10_20-1.dzn,CCTGAAGATCCAAAAAAA,141,60.37109398841858
7,p2_10_20-2.dzn,CTGGCATCGGAAAAAAAAA,162,60.450416803359985
8,p2_10_20-3.dzn,TGCGATACTGCAAAAAAAA,149,60.42075204849243
9,p2_10_20-4.dzn,GTACTGCGTCGAAAAAA,131,60.284907579422
10,p2_10_3-0.dzn,,15,0.1296398639678955
11,p2_10_3-1.dzn,CA,14,0.11331582069396973
12,p2_10_3-2.dzn,G,16,0.1413731575012207
13,p2_10_3-3.dzn,G,17,0.13379406929016113
14,p2_10_3-4.dzn,T,13,0.11763691902160645
15,p2_10_5-0.dzn,CG,26,0.22975897789001465
16,p2_10_5-1.dzn,C,23,0.21047520637512207
17,p2_10_5-2.dzn,AT,18,0.1958158016204834
18,p2_10_5-3.dzn,A,28,0.24789905548095703
19,p2_10_5-4.dzn,AT,23,0.22194504737854004
20,p2_10_8-0.dzn,TGC,28,0.270327091217041
21,p2_10_8-1.dzn,GATA,39,0.7463469505310059
22,p2_10_8-2.dzn,TC,32,1.0362989902496338
23,p2_10_8-3.dzn,GAC,32,0.37871789932250977
24,p2_10_8-4.dzn,GCT,35,0.967458963394165
25,p2_15_13-0.dzn,TACTGAAGTGGA,118,60.27323889732361
26,p2_15_13-1.dzn,CAATAACGTCAC,137,60.20953869819641
27,p2_15_13-2.dzn,GCTCGAATTGCAA,133,60.31751203536987
28,p2_15_13-3.dzn,GTACTGCCTGCA,125,60.23987817764282
29,p2_15_13-4.dzn,GGACATGTCACAA,135,60.33196020126343
30,p2_15_20-0.dzn,GACCTCGGCAAAAAAAAAA,254,60.73374104499817
31,p2_15_20-1.dzn,ATCAGTGCCAAAAAAAAAAA,277,60.81620907783508
32,p2_15_20-2.dzn,CATTGAGTCAAAAAAAAAAA,276,60.78488206863403
33,p2_15_20-3.dzn,TCAAGCTCGAAAAAAAAAA,244,60.70263910293579
34,p2_15_20-4.dzn,ACATCTTGCAAAAAAAAAA,253,60.66045308113098
35,p2_15_3-0.dzn,,17,0.10702991485595703
36,p2_15_3-1.dzn,,23,0.13521575927734375
37,p2_15_3-2.dzn,,24,0.13385963439941406
38,p2_15_3-3.dzn,,23,0.14142584800720215
39,p2_15_3-4.dzn,,25,0.13772296905517578
40,p2_15_5-0.dzn,G,29,0.25844597816467285
41,p2_15_5-1.dzn,C,34,0.32237911224365234
42,p2_15_5-2.dzn,T,31,0.32106709480285645
43,p2_15_5-3.dzn,G,29,0.2530231475830078
44,p2_15_5-4.dzn,TA,35,0.2732243537902832
45,p2_15_8-0.dzn,CA,55,3.8846330642700195
46,p2_15_8-1.dzn,TG,50,1.0434441566467285
47,p2_15_8-2.dzn,CTG,60,5.494607925415039
48,p2_15_8-3.dzn,CTG,63,6.030061960220337
49,p2_15_8-4.dzn,CT,49,2.713299036026001
50,p2_2_13-0.dzn,ATCCCTGCCCA,13,4.030953884124756
51,p2_2_13-1.dzn,GCACAGCTG,6,0.21434593200683594
52,p2_2_13-2.dzn,GTAA,5,0.10011100769042969
53,p2_2_13-3.dzn,GCCTTACATGCGG,10,0.2644968032836914
54,p2_2_13-4.dzn,TAG,2,0.08870816230773926
55,p2_2_20-0.dzn,ATTACGGTGTCACA,10,1.3565690517425537
56,p2_2_20-1.dzn,CGCTTGACAATCAAA,12,3.6412460803985596
57,p2_2_20-2.dzn,AGCTATA,6,0.1416149139404297
58,p2_2_20-3.dzn,GCTTGACTAGATGGC,14,0.269838809967041
59,p2_2_20-4.dzn,GACACCTAATTCTGA,12,0.788348913192749
60,p2_2_3-0.dzn,CA,3,0.08890080451965332
61,p2_2_3-1.dzn,CAG,3,0.08372616767883301
62,p2_2_3-2.dzn,GGA,3,0.09012889862060547
63,p2_2_3-3.dzn,CAC,2,0.08780908584594727
64,p2_2_3-4.dzn,AGA,3,0.08829998970031738
65,p2_2_5-0.dzn,TTCT,4,0.09155106544494629
66,p2_2_5-1.dzn,CG,2,0.08870410919189453
67,p2_2_5-2.dzn,TTAGT,4,0.1036381721496582
68,p2_2_5-3.dzn,ACA,2,0.0962519645690918
69,p2_2_5-4.dzn,GTAC,3,0.09583806991577148
70,p2_2_8-0.dzn,GGCTCC,4,0.12327313423156738
71,p2_2_8-1.dzn,CCAA,7,0.10004091262817383
72,p2_2_8-2.dzn,CCAA,6,0.09983587265014648
73,p2_2_8-3.dzn,TCTCA,4,0.10625100135803223
74,p2_2_8-4.dzn,A,2,0.07934904098510742
75,p2_4_13-0.dzn,AT,12,0.17555618286132812
76,p2_4_13-1.dzn,TCGAGA,13,0.19823169708251953
77,p2_4_13-2.dzn,CAAA,14,0.30164098739624023
78,p2_4_13-3.dzn,ACAGGCCGC,26,11.648021936416626
79,p2_4_13-4.dzn,CATAGAT,15,0.2710709571838379
80,p2_4_20-0.dzn,CGAGGTCA,19,0.8661880493164062
81,p2_4_20-1.dzn,AGATCCCC,25,2.2775890827178955
82,p2_4_20-2.dzn,AATGC,17,0.6489689350128174
83,p2_4_20-3.dzn,CTCAGCTTAGATG,27,60.12250995635986
84,p2_4_20-4.dzn,CGTACCCTGC,25,4.97361421585083
85,p2_4_3-0.dzn,TAA,7,0.09346723556518555
86,p2_4_3-1.dzn,C,7,0.10042524337768555
87,p2_4_3-2.dzn,T,5,0.11886310577392578
88,p2_4_3-3.dzn,,3,0.09158110618591309
89,p2_4_3-4.dzn,GA,6,0.09565114974975586
90,p2_4_5-0.dzn,CGA,8,0.11088109016418457
91,p2_4_5-1.dzn,T,4,0.0844569206237793
92,p2_4_5-2.dzn,CAT,6,0.11865997314453125
93,p2_4_5-3.dzn,GA,10,0.13481593132019043
94,p2_4_5-4.dzn,GTAG,11,0.1564500331878662
95,p2_4_8-0.dzn,TC,11,0.14778709411621094
96,p2_4_8-1.dzn,TGT,9,0.12584495544433594
97,p2_4_8-2.dzn,AG,7,0.1155860424041748
98,p2_4_8-3.dzn,GCTA,10,0.15634584426879883
99,p2_4_8-4.dzn,G,8,0.11434412002563477
100,p2_6_13-0.dzn,GGCAGCA,30,50.90552115440369
101,p2_6_13-1.dzn,CCTGCT,31,45.70127081871033
102,p2_6_13-2.dzn,GTACGTCAATCGA,47,60.135011196136475
103,p2_6_13-3.dzn,GCATCG,33,53.46457099914551
104,p2_6_13-4.dzn,ACTGCC,26,1.8467860221862793
105,p2_6_20-0.dzn,GTACTCGACGA,45,60.10736274719238
106,p2_6_20-1.dzn,TA,14,0.23721027374267578
107,p2_6_20-2.dzn,CCAGAA,29,3.770145893096924
108,p2_6_20-3.dzn,GCAAGCGATAGCAAAAAAA,78,60.25277781486511
109,p2_6_20-4.dzn,TCTGTCCATGTCCCAAAAAA,86,60.225342988967896
110,p2_6_3-0.dzn,,9,0.10627007484436035
111,p2_6_3-1.dzn,A,7,0.09079408645629883
112,p2_6_3-2.dzn,GC,6,0.09450602531433105
113,p2_6_3-3.dzn,G,8,0.09822297096252441
114,p2_6_3-4.dzn,G,9,0.10021805763244629
115,p2_6_5-0.dzn,CA,13,0.14943194389343262
116,p2_6_5-1.dzn,TA,15,0.14362692832946777
117,p2_6_5-2.dzn,TG,11,0.14803409576416016
118,p2_6_5-3.dzn,TAA,17,0.14953207969665527
119,p2_6_5-4.dzn,CTG,12,0.14352774620056152
120,p2_6_8-0.dzn,TGC,15,0.237288236618042
121,p2_6_8-1.dzn,GCT,17,0.21933698654174805
122,p2_6_8-2.dzn,TG,19,0.4282701015472412
123,p2_6_8-3.dzn,CTACT,18,0.19918584823608398
124,p2_6_8-4.dzn,GC,13,0.1431140899658203
125,p1_10_13-0.dzn,ACAAACAAAACAA,52,3.165024995803833
126,p1_10_13-1.dzn,AACAAACACAAC,56,7.191663026809692
127,p1_10_13-2.dzn,CAACACAAAACAA,44,2.359772205352783
128,p1_10_13-3.dzn,AAAACAAACAAC,52,5.826767921447754
129,p1_10_13-4.dzn,ACAAACACAACAA,62,27.942262887954712
130,p1_10_20-0.dzn,ACCAAACAAAAACCAAAAA,70,60.76104784011841
131,p1_10_20-1.dzn,CAAAACACACAACAAAAAAA,96,60.76262092590332
132,p1_10_20-2.dzn,ACAAACAACAAAACACAAAA,64,60.75335884094238
133,p1_10_20-3.dzn,AACACACAAACAAAAAAACA,78,60.76062512397766
134,p1_10_20-4.dzn,AAAACAACACAAAAACAAAA,72,60.7562141418457
135,p1_10_3-0.dzn,AAA,8,0.11354804039001465
136,p1_10_3-1.dzn,AAA,14,0.11536908149719238
137,p1_10_3-2.dzn,AA,12,0.13315081596374512
138,p1_10_3-3.dzn,AAA,16,0.11244797706604004
139,p1_10_3-4.dzn,AA,16,0.13320207595825195
140,p1_10_5-0.dzn,AAAA,22,0.22759318351745605
141,p1_10_5-1.dzn,ACAAA,22,0.2519071102142334
142,p1_10_5-2.dzn,ACAAA,20,0.24663972854614258
143,p1_10_5-3.dzn,AAAA,20,0.253385066986084
144,p1_10_5-4.dzn,AAAA,22,0.23903393745422363
145,p1_10_8-0.dzn,AAACAACA,38,0.5404770374298096
146,p1_10_8-1.dzn,CAACAAA,42,0.7129309177398682
147,p1_10_8-2.dzn,ACAACAAA,28,0.5044858455657959
148,p1_10_8-3.dzn,AAACACAA,32,0.5872447490692139
149,p1_10_8-4.dzn,AACACAAA,38,0.6120767593383789
150,p1_15_13-0.dzn,AACAAAAAACAA,73,9.036020994186401
151,p1_15_13-1.dzn,ACAAAAACAA,77,13.88428807258606
152,p1_15_13-2.dzn,CAAAACAAAA,79,19.932235956192017
153,p1_15_13-3.dzn,AAACAAAAAA,79,13.865086078643799
154,p1_15_13-4.dzn,AACAACAAAACA,69,4.785538196563721
155,p1_15_20-0.dzn,AAAAAAACAACAACAAACAA,100,61.173524141311646
156,p1_15_20-1.dzn,ACAACACAAACAAAAAAAAA,134,61.166149854660034
157,p1_15_20-2.dzn,ACACAAAAACAACACAAAAA,116,61.18641805648804
158,p1_15_20-3.dzn,ACAACAAAAACAACAAAAAA,116,61.16736316680908
159,p1_15_20-4.dzn,AACAACCAAACACAAAAAAA,126,61.16913318634033
160,p1_15_3-0.dzn,AA,27,0.14635014533996582
161,p1_15_3-1.dzn,AA,23,0.12175607681274414
162,p1_15_3-2.dzn,ACA,32,0.1510021686553955
163,p1_15_3-3.dzn,AA,27,0.14222216606140137
164,p1_15_3-4.dzn,AAC,30,0.15005016326904297
165,p1_15_5-0.dzn,AAAA,35,0.3127768039703369
166,p1_15_5-1.dzn,AAAA,33,0.300616979598999
167,p1_15_5-2.dzn,AAA,42,0.32430505752563477
168,p1_15_5-3.dzn,ACAAA,32,0.23935389518737793
169,p1_15_5-4.dzn,ACAA,41,0.34153103828430176
170,p1_15_8-0.dzn,ACAAACA,51,0.8522670269012451
171,p1_15_8-1.dzn,AAACAA,54,0.8980081081390381
172,p1_15_8-2.dzn,ACAAAA,48,0.8610827922821045
173,p1_15_8-3.dzn,AAAACAA,47,0.7567610740661621
174,p1_15_8-4.dzn,AAAACA,48,0.8068759441375732
175,p1_2_13-0.dzn,AAAACAAAACAAA,8,0.3522670269012451
176,p1_2_13-1.dzn,AACAAACAAAAAA,8,0.5765039920806885
177,p1_2_13-2.dzn,CAAAAAACAAAAA,8,0.567432165145874
178,p1_2_13-3.dzn,AAAAAAAAAAACA,4,0.5131840705871582
179,p1_2_13-4.dzn,ACAACAACAAAAA,8,0.6104099750518799
180,p1_2_20-0.dzn,AAACAAAAACAAAAAACAAA,8,0.9592902660369873
181,p1_2_20-1.dzn,GCAGACAACAAAAAACACAA,10,3.1568658351898193
182,p1_2_20-2.dzn,ACCACCAAAAAAACCACAAA,8,2.8381900787353516
183,p1_2_20-3.dzn,AAAAAAAAAAACACCAAAAA,8,0.6957170963287354
184,p1_2_20-4.dzn,AGCAAACAACAAAAAAAAAA,10,1.1414189338684082
185,p1_2_3-0.dzn,AAA,0,0.08564901351928711
186,p1_2_3-1.dzn,AAA,2,0.09862828254699707
187,p1_2_3-2.dzn,AAA,2,0.09056591987609863
188,p1_2_3-3.dzn,AAA,2,0.09537410736083984
189,p1_2_3-4.dzn,AAC,2,0.10112881660461426
190,p1_2_5-0.dzn,AAAAC,2,0.11472797393798828
191,p1_2_5-1.dzn,CAAAA,6,0.13984084129333496
192,p1_2_5-2.dzn,CAAAA,2,0.14333176612854004
193,p1_2_5-3.dzn,CAAAA,4,0.14152908325195312
194,p1_2_5-4.dzn,AACAA,4,0.14426302909851074
195,p1_2_8-0.dzn,CACCAAAA,4,0.1871640682220459
196,p1_2_8-1.dzn,CACAAAAA,4,0.1733400821685791
197,p1_2_8-2.dzn,ACAAACCA,4,0.16079473495483398
198,p1_2_8-3.dzn,CAAAACAA,6,0.18750214576721191
199,p1_2_8-4.dzn,GCACAAAA,6,0.18931984901428223
200,p1_4_13-0.dzn,ACCAACAAGAAAC,14,0.8171391487121582
201,p1_4_13-1.dzn,AAGCCCAAAAAAC,18,0.9191811084747314
202,p1_4_13-2.dzn,CAAAAAAACACA,16,1.626871109008789
203,p1_4_13-3.dzn,AAACAACAAACAA,16,0.7583451271057129
204,p1_4_13-4.dzn,ACAACAAAAACAC,14,0.6924691200256348
205,p1_4_20-0.dzn,CAAAACCACAGAAAACAAAA,28,29.41362190246582
206,p1_4_20-1.dzn,ACAAAAAACAAACAACCA,28,27.60619020462036
207,p1_4_20-2.dzn,AAAGCACCAAACAAAAACCA,24,19.279600858688354
208,p1_4_20-3.dzn,ACAACAGAACACAACACAAC,24,25.623238801956177
209,p1_4_20-4.dzn,ACAAAAAAAAAACCACAAAA,24,9.872146129608154
210,p1_4_3-0.dzn,ACA,6,0.11439275741577148
211,p1_4_3-1.dzn,AAA,8,0.0983119010925293
212,p1_4_3-2.dzn,AAA,0,0.08542394638061523
213,p1_4_3-3.dzn,AA,4,0.10397100448608398
214,p1_4_3-4.dzn,AAA,8,0.09795117378234863
215,p1_4_5-0.dzn,AAACA,6,0.15074801445007324
216,p1_4_5-1.dzn,AAACA,6,0.15426898002624512
217,p1_4_5-2.dzn,CACAA,8,0.14667916297912598
218,p1_4_5-3.dzn,ACAAA,10,0.15242695808410645
219,p1_4_5-4.dzn,ACAAA,10,0.13456010818481445
220,p1_4_8-0.dzn,ACAACAAA,14,0.2753458023071289
221,p1_4_8-1.dzn,ACAACAAA,14,0.27571606636047363
222,p1_4_8-2.dzn,AGCAAACA,14,0.27033305168151855
223,p1_4_8-3.dzn,AAAACCAA,12,0.2624020576477051
224,p1_4_8-4.dzn,CAACAAAA,8,0.24422192573547363
225,p1_6_13-0.dzn,AAACAAAAACAA,22,1.1167237758636475
226,p1_6_13-1.dzn,ACAAAAACAACAA,30,1.6845171451568604
227,p1_6_13-2.dzn,CAACAAAAACAAA,24,1.1930081844329834
228,p1_6_13-3.dzn,AACAAAACACCAA,26,1.038006067276001
229,p1_6_13-4.dzn,AAACACAAACAAA,32,1.6721689701080322
230,p1_6_20-0.dzn,ACAACAAAACAAAAACAACA,42,60.457441091537476
231,p1_6_20-1.dzn,ACCGAAACAACAAAAACCAA,50,60.448988914489746
232,p1_6_20-2.dzn,AACACAACAAAAACAAACAA,34,17.23769998550415
233,p1_6_20-3.dzn,ACAAAAAACAAACAAACA,36,51.86767888069153
234,p1_6_20-4.dzn,ACACAAAAACCAAACCAAAA,32,8.737437963485718
235,p1_6_3-0.dzn,ACA,10,0.14634990692138672
236,p1_6_3-1.dzn,CAA,6,0.09965109825134277
237,p1_6_3-2.dzn,AAC,10,0.10435700416564941
238,p1_6_3-3.dzn,AAC,8,0.1352250576019287
239,p1_6_3-4.dzn,AAC,2,0.092041015625
240,p1_6_5-0.dzn,AAA,14,0.1938459873199463
241,p1_6_5-1.dzn,AACAA,14,0.17140889167785645
242,p1_6_5-2.dzn,ACAAA,10,0.1908421516418457
243,p1_6_5-3.dzn,AACAA,18,0.2009131908416748
244,p1_6_5-4.dzn,ACCAA,16,0.2016160488128662
245,p1_6_8-0.dzn,CAAACAAA,18,0.3748328685760498
246,p1_6_8-1.dzn,ACAACCAA,16,0.42180514335632324
247,p1_6_8-2.dzn,AACCAAAA,28,0.40149784088134766
248,p1_6_8-3.dzn,CAAACAAA,18,0.364163875579834
249,p1_6_8-4.dzn,ACAAACAA,24,0.4022972583770752
